inning,batting_team,bowling_team,ball,non_striker,batsman,bowler,extra_runs,batsman_run,total_runs,extras,player_out,elimination_kind,fielders_caught,match_name,umpires_1,umpires_2,player_of_match,winner,city,venue,dates
1st innings,Chennai Super Kings,Kolkata Knight Riders,0.1,F du Plessis,RD Gaikwad,Shakib Al Hasan,0,1,1,,,,,CSK vs KKR 2021-10-15,Nitin Menon,RK Illingworth,F du Plessis,Chennai Super Kings,Dubai,Dubai International Cricket Stadium,2021-10-15
1st innings,Chennai Super Kings,Kolkata Knight Riders,0.2,RD Gaikwad,F du Plessis,Shakib Al Hasan,0,0,0,,,,,CSK vs KKR 2021-10-15,Nitin Menon,RK Illingworth,F du Plessis,Chennai Super Kings,Dubai,Dubai International Cricket Stadium,2021-10-15
1st innings,Chennai Super Kings,Kolkata Knight Riders,0.3,RD Gaikwad,F du Plessis,Shakib Al Hasan,0,1,1,,,,,CSK vs KKR 2021-10-15,Nitin Menon,RK Illingworth,F du Plessis,Chennai Super Kings,Dubai,Dubai International Cricket Stadium,2021-10-15
1st innings,Chennai Super Kings,Kolkata Knight Riders,0.4,F du Plessis,RD Gaikwad,Shakib Al Hasan,0,4,4,,,,,CSK vs KKR 2021-10-15,Nitin Menon,RK Illingworth,F du Plessis,Chennai Super Kings,Dubai,Dubai International Cricket Stadium,2021-10-15
1st innings,Chennai Super Kings,Kolkata Knight Riders,0.5,F du Plessis,RD Gaikwad,Shakib Al Hasan,0,0,0,,,,,CSK vs KKR 2021-10-15,Nitin Menon,RK Illingworth,F du Plessis,Chennai Super Kings,Dubai,Dubai International Cricket Stadium,2021-10-15
1st innings,Chennai Super Kings,Kolkata Knight Riders,0.6,F du Plessis,RD Gaikwad,Shakib Al Hasan,0,0,0,,,,,CSK vs KKR 2021-10-15,Nitin Menon,RK Illingworth,F du Plessis,Chennai Super Kings,Dubai,Dubai International Cricket Stadium,2021-10-15
1st innings,Chennai Super Kings,Kolkata Knight Riders,1.1,RD Gaikwad,F du Plessis,Shivam Mavi,0,0,0,,,,,CSK vs KKR 2021-10-15,Nitin Menon,RK Illingworth,F du Plessis,Chennai Super Kings,Dubai,Dubai International Cricket Stadium,2021-10-15
1st innings,Chennai Super Kings,Kolkata Knight Riders,1.2,RD Gaikwad,F du Plessis,Shivam Mavi,0,1,1,,,,,CSK vs KKR 2021-10-15,Nitin Menon,RK Illingworth,F du Plessis,Chennai Super Kings,Dubai,Dubai International Cricket Stadium,2021-10-15
1st innings,Chennai Super Kings,Kolkata Knight Riders,1.3,F du Plessis,RD Gaikwad,Shivam Mavi,0,2,2,,,,,CSK vs KKR 2021-10-15,Nitin Menon,RK Illingworth,F du Plessis,Chennai Super Kings,Dubai,Dubai International Cricket Stadium,2021-10-15
1st innings,Chennai Super Kings,Kolkata Knight Riders,1.4,F du Plessis,RD Gaikwad,Shivam Mavi,0,0,0,,,,,CSK vs KKR 2021-10-15,Nitin Menon,RK Illingworth,F du Plessis,Chennai Super Kings,Dubai,Dubai International Cricket Stadium,2021-10-15
1st innings,Chennai Super Kings,Kolkata Knight Riders,1.5,F du Plessis,RD Gaikwad,Shivam Mavi,0,0,0,,,,,CSK vs KKR 2021-10-15,Nitin Menon,RK Illingworth,F du Plessis,Chennai Super Kings,Dubai,Dubai International Cricket Stadium,2021-10-15
1st innings,Chennai Super Kings,Kolkata Knight Riders,1.6,F du Plessis,RD Gaikwad,Shivam Mavi,0,0,0,,,,,CSK vs KKR 2021-10-15,Nitin Menon,RK Illingworth,F du Plessis,Chennai Super Kings,Dubai,Dubai International Cricket Stadium,2021-10-15
1st innings,Chennai Super Kings,Kolkata Knight Riders,2.1,RD Gaikwad,F du Plessis,Shakib Al Hasan,1,0,1,byes,,,,CSK vs KKR 2021-10-15,Nitin Menon,RK Illingworth,F du Plessis,Chennai Super Kings,Dubai,Dubai International Cricket Stadium,2021-10-15
1st innings,Chennai Super Kings,Kolkata Knight Riders,2.2,F du Plessis,RD Gaikwad,Shakib Al Hasan,0,4,4,,,,,CSK vs KKR 2021-10-15,Nitin Menon,RK Illingworth,F du Plessis,Chennai Super Kings,Dubai,Dubai International Cricket Stadium,2021-10-15
1st innings,Chennai Super Kings,Kolkata Knight Riders,2.3,F du Plessis,RD Gaikwad,Shakib Al Hasan,0,6,6,,,,,CSK vs KKR 2021-10-15,Nitin Menon,RK Illingworth,F du Plessis,Chennai Super Kings,Dubai,Dubai International Cricket Stadium,2021-10-15
1st innings,Chennai Super Kings,Kolkata Knight Riders,2.4,F du Plessis,RD Gaikwad,Shakib Al Hasan,0,0,0,,,,,CSK vs KKR 2021-10-15,Nitin Menon,RK Illingworth,F du Plessis,Chennai Super Kings,Dubai,Dubai International Cricket Stadium,2021-10-15
1st innings,Chennai Super Kings,Kolkata Knight Riders,2.5,F du Plessis,RD Gaikwad,Shakib Al Hasan,0,1,1,,,,,CSK vs KKR 2021-10-15,Nitin Menon,RK Illingworth,F du Plessis,Chennai Super Kings,Dubai,Dubai International Cricket Stadium,2021-10-15
1st innings,Chennai Super Kings,Kolkata Knight Riders,2.6,RD Gaikwad,F du Plessis,Shakib Al Hasan,0,1,1,,,,,CSK vs KKR 2021-10-15,Nitin Menon,RK Illingworth,F du Plessis,Chennai Super Kings,Dubai,Dubai International Cricket Stadium,2021-10-15
1st innings,Chennai Super Kings,Kolkata Knight Riders,3.1,RD Gaikwad,F du Plessis,LH Ferguson,0,2,2,,,,,CSK vs KKR 2021-10-15,Nitin Menon,RK Illingworth,F du Plessis,Chennai Super Kings,Dubai,Dubai International Cricket Stadium,2021-10-15
1st innings,Chennai Super Kings,Kolkata Knight Riders,3.2,RD Gaikwad,F du Plessis,LH Ferguson,0,1,1,,,,,CSK vs KKR 2021-10-15,Nitin Menon,RK Illingworth,F du Plessis,Chennai Super Kings,Dubai,Dubai International Cricket Stadium,2021-10-15
1st innings,Chennai Super Kings,Kolkata Knight Riders,3.3,F du Plessis,RD Gaikwad,LH Ferguson,0,4,4,,,,,CSK vs KKR 2021-10-15,Nitin Menon,RK Illingworth,F du Plessis,Chennai Super Kings,Dubai,Dubai International Cricket Stadium,2021-10-15
1st innings,Chennai Super Kings,Kolkata Knight Riders,3.4,F du Plessis,RD Gaikwad,LH Ferguson,0,1,1,,,,,CSK vs KKR 2021-10-15,Nitin Menon,RK Illingworth,F du Plessis,Chennai Super Kings,Dubai,Dubai International Cricket Stadium,2021-10-15
1st innings,Chennai Super Kings,Kolkata Knight Riders,3.5,RD Gaikwad,F du Plessis,LH Ferguson,0,4,4,,,,,CSK vs KKR 2021-10-15,Nitin Menon,RK Illingworth,F du Plessis,Chennai Super Kings,Dubai,Dubai International Cricket Stadium,2021-10-15
1st innings,Chennai Super Kings,Kolkata Knight Riders,3.6,RD Gaikwad,F du Plessis,LH Ferguson,0,0,0,,,,,CSK vs KKR 2021-10-15,Nitin Menon,RK Illingworth,F du Plessis,Chennai Super Kings,Dubai,Dubai International Cricket Stadium,2021-10-15
1st innings,Chennai Super Kings,Kolkata Knight Riders,4.1,F du Plessis,RD Gaikwad,Shivam Mavi,0,0,0,,,,,CSK vs KKR 2021-10-15,Nitin Menon,RK Illingworth,F du Plessis,Chennai Super Kings,Dubai,Dubai International Cricket Stadium,2021-10-15
1st innings,Chennai Super Kings,Kolkata Knight Riders,4.2,F du Plessis,RD Gaikwad,Shivam Mavi,0,1,1,,,,,CSK vs KKR 2021-10-15,Nitin Menon,RK Illingworth,F du Plessis,Chennai Super Kings,Dubai,Dubai International Cricket Stadium,2021-10-15
1st innings,Chennai Super Kings,Kolkata Knight Riders,4.3,RD Gaikwad,F du Plessis,Shivam Mavi,0,1,1,,,,,CSK vs KKR 2021-10-15,Nitin Menon,RK Illingworth,F du Plessis,Chennai Super Kings,Dubai,Dubai International Cricket Stadium,2021-10-15
1st innings,Chennai Super Kings,Kolkata Knight Riders,4.4,F du Plessis,RD Gaikwad,Shivam Mavi,0,1,1,,,,,CSK vs KKR 2021-10-15,Nitin Menon,RK Illingworth,F du Plessis,Chennai Super Kings,Dubai,Dubai International Cricket Stadium,2021-10-15
1st innings,Chennai Super Kings,Kolkata Knight Riders,4.5,RD Gaikwad,F du Plessis,Shivam Mavi,0,4,4,,,,,CSK vs KKR 2021-10-15,Nitin Menon,RK Illingworth,F du Plessis,Chennai Super Kings,Dubai,Dubai International Cricket Stadium,2021-10-15
1st innings,Chennai Super Kings,Kolkata Knight Riders,4.6,RD Gaikwad,F du Plessis,Shivam Mavi,0,1,1,,,,,CSK vs KKR 2021-10-15,Nitin Menon,RK Illingworth,F du Plessis,Chennai Super Kings,Dubai,Dubai International Cricket Stadium,2021-10-15
1st innings,Chennai Super Kings,Kolkata Knight Riders,5.1,RD Gaikwad,F du Plessis,CV Varun,0,0,0,,,,,CSK vs KKR 2021-10-15,Nitin Menon,RK Illingworth,F du Plessis,Chennai Super Kings,Dubai,Dubai International Cricket Stadium,2021-10-15
1st innings,Chennai Super Kings,Kolkata Knight Riders,5.2,RD Gaikwad,F du Plessis,CV Varun,0,1,1,,,,,CSK vs KKR 2021-10-15,Nitin Menon,RK Illingworth,F du Plessis,Chennai Super Kings,Dubai,Dubai International Cricket Stadium,2021-10-15
1st innings,Chennai Super Kings,Kolkata Knight Riders,5.3,F du Plessis,RD Gaikwad,CV Varun,0,0,0,,,,,CSK vs KKR 2021-10-15,Nitin Menon,RK Illingworth,F du Plessis,Chennai Super Kings,Dubai,Dubai International Cricket Stadium,2021-10-15
1st innings,Chennai Super Kings,Kolkata Knight Riders,5.4,F du Plessis,RD Gaikwad,CV Varun,0,1,1,,,,,CSK vs KKR 2021-10-15,Nitin Menon,RK Illingworth,F du Plessis,Chennai Super Kings,Dubai,Dubai International Cricket Stadium,2021-10-15
1st innings,Chennai Super Kings,Kolkata Knight Riders,5.5,RD Gaikwad,F du Plessis,CV Varun,1,0,1,noballs,,,,CSK vs KKR 2021-10-15,Nitin Menon,RK Illingworth,F du Plessis,Chennai Super Kings,Dubai,Dubai International Cricket Stadium,2021-10-15
1st innings,Chennai Super Kings,Kolkata Knight Riders,5.6,RD Gaikwad,F du Plessis,CV Varun,0,4,4,,,,,CSK vs KKR 2021-10-15,Nitin Menon,RK Illingworth,F du Plessis,Chennai Super Kings,Dubai,Dubai International Cricket Stadium,2021-10-15
1st innings,Chennai Super Kings,Kolkata Knight Riders,5.7,RD Gaikwad,F du Plessis,CV Varun,0,1,1,,,,,CSK vs KKR 2021-10-15,Nitin Menon,RK Illingworth,F du Plessis,Chennai Super Kings,Dubai,Dubai International Cricket Stadium,2021-10-15
1st innings,Chennai Super Kings,Kolkata Knight Riders,6.1,RD Gaikwad,F du Plessis,SP Narine,0,1,1,,,,,CSK vs KKR 2021-10-15,Nitin Menon,RK Illingworth,F du Plessis,Chennai Super Kings,Dubai,Dubai International Cricket Stadium,2021-10-15
1st innings,Chennai Super Kings,Kolkata Knight Riders,6.2,F du Plessis,RD Gaikwad,SP Narine,0,1,1,,,,,CSK vs KKR 2021-10-15,Nitin Menon,RK Illingworth,F du Plessis,Chennai Super Kings,Dubai,Dubai International Cricket Stadium,2021-10-15
1st innings,Chennai Super Kings,Kolkata Knight Riders,6.3,RD Gaikwad,F du Plessis,SP Narine,0,1,1,,,,,CSK vs KKR 2021-10-15,Nitin Menon,RK Illingworth,F du Plessis,Chennai Super Kings,Dubai,Dubai International Cricket Stadium,2021-10-15
1st innings,Chennai Super Kings,Kolkata Knight Riders,6.4,F du Plessis,RD Gaikwad,SP Narine,0,1,1,,,,,CSK vs KKR 2021-10-15,Nitin Menon,RK Illingworth,F du Plessis,Chennai Super Kings,Dubai,Dubai International Cricket Stadium,2021-10-15
1st innings,Chennai Super Kings,Kolkata Knight Riders,6.5,RD Gaikwad,F du Plessis,SP Narine,0,1,1,,,,,CSK vs KKR 2021-10-15,Nitin Menon,RK Illingworth,F du Plessis,Chennai Super Kings,Dubai,Dubai International Cricket Stadium,2021-10-15
1st innings,Chennai Super Kings,Kolkata Knight Riders,6.6,F du Plessis,RD Gaikwad,SP Narine,0,1,1,,,,,CSK vs KKR 2021-10-15,Nitin Menon,RK Illingworth,F du Plessis,Chennai Super Kings,Dubai,Dubai International Cricket Stadium,2021-10-15
1st innings,Chennai Super Kings,Kolkata Knight Riders,7.1,F du Plessis,RD Gaikwad,CV Varun,0,0,0,,,,,CSK vs KKR 2021-10-15,Nitin Menon,RK Illingworth,F du Plessis,Chennai Super Kings,Dubai,Dubai International Cricket Stadium,2021-10-15
1st innings,Chennai Super Kings,Kolkata Knight Riders,7.2,F du Plessis,RD Gaikwad,CV Varun,0,1,1,,,,,CSK vs KKR 2021-10-15,Nitin Menon,RK Illingworth,F du Plessis,Chennai Super Kings,Dubai,Dubai International Cricket Stadium,2021-10-15
1st innings,Chennai Super Kings,Kolkata Knight Riders,7.3,RD Gaikwad,F du Plessis,CV Varun,0,1,1,,,,,CSK vs KKR 2021-10-15,Nitin Menon,RK Illingworth,F du Plessis,Chennai Super Kings,Dubai,Dubai International Cricket Stadium,2021-10-15
1st innings,Chennai Super Kings,Kolkata Knight Riders,7.4,F du Plessis,RD Gaikwad,CV Varun,0,1,1,,,,,CSK vs KKR 2021-10-15,Nitin Menon,RK Illingworth,F du Plessis,Chennai Super Kings,Dubai,Dubai International Cricket Stadium,2021-10-15
1st innings,Chennai Super Kings,Kolkata Knight Riders,7.5,RD Gaikwad,F du Plessis,CV Varun,0,1,1,,,,,CSK vs KKR 2021-10-15,Nitin Menon,RK Illingworth,F du Plessis,Chennai Super Kings,Dubai,Dubai International Cricket Stadium,2021-10-15
1st innings,Chennai Super Kings,Kolkata Knight Riders,7.6,F du Plessis,RD Gaikwad,CV Varun,0,1,1,,,,,CSK vs KKR 2021-10-15,Nitin Menon,RK Illingworth,F du Plessis,Chennai Super Kings,Dubai,Dubai International Cricket Stadium,2021-10-15
1st innings,Chennai Super Kings,Kolkata Knight Riders,8.1,F du Plessis,RD Gaikwad,SP Narine,0,0,0,,RD Gaikwad,caught,Shivam Mavi,CSK vs KKR 2021-10-15,Nitin Menon,RK Illingworth,F du Plessis,Chennai Super Kings,Dubai,Dubai International Cricket Stadium,2021-10-15
1st innings,Chennai Super Kings,Kolkata Knight Riders,8.2,F du Plessis,RV Uthappa,SP Narine,0,1,1,,,,,CSK vs KKR 2021-10-15,Nitin Menon,RK Illingworth,F du Plessis,Chennai Super Kings,Dubai,Dubai International Cricket Stadium,2021-10-15
1st innings,Chennai Super Kings,Kolkata Knight Riders,8.3,RV Uthappa,F du Plessis,SP Narine,0,1,1,,,,,CSK vs KKR 2021-10-15,Nitin Menon,RK Illingworth,F du Plessis,Chennai Super Kings,Dubai,Dubai International Cricket Stadium,2021-10-15
1st innings,Chennai Super Kings,Kolkata Knight Riders,8.4,F du Plessis,RV Uthappa,SP Narine,0,1,1,,,,,CSK vs KKR 2021-10-15,Nitin Menon,RK Illingworth,F du Plessis,Chennai Super Kings,Dubai,Dubai International Cricket Stadium,2021-10-15
1st innings,Chennai Super Kings,Kolkata Knight Riders,8.5,RV Uthappa,F du Plessis,SP Narine,0,0,0,,,,,CSK vs KKR 2021-10-15,Nitin Menon,RK Illingworth,F du Plessis,Chennai Super Kings,Dubai,Dubai International Cricket Stadium,2021-10-15
1st innings,Chennai Super Kings,Kolkata Knight Riders,8.6,RV Uthappa,F du Plessis,SP Narine,0,1,1,,,,,CSK vs KKR 2021-10-15,Nitin Menon,RK Illingworth,F du Plessis,Chennai Super Kings,Dubai,Dubai International Cricket Stadium,2021-10-15
1st innings,Chennai Super Kings,Kolkata Knight Riders,9.1,RV Uthappa,F du Plessis,Shakib Al Hasan,0,1,1,,,,,CSK vs KKR 2021-10-15,Nitin Menon,RK Illingworth,F du Plessis,Chennai Super Kings,Dubai,Dubai International Cricket Stadium,2021-10-15
1st innings,Chennai Super Kings,Kolkata Knight Riders,9.2,F du Plessis,RV Uthappa,Shakib Al Hasan,0,1,1,,,,,CSK vs KKR 2021-10-15,Nitin Menon,RK Illingworth,F du Plessis,Chennai Super Kings,Dubai,Dubai International Cricket Stadium,2021-10-15
1st innings,Chennai Super Kings,Kolkata Knight Riders,9.3,RV Uthappa,F du Plessis,Shakib Al Hasan,0,0,0,,,,,CSK vs KKR 2021-10-15,Nitin Menon,RK Illingworth,F du Plessis,Chennai Super Kings,Dubai,Dubai International Cricket Stadium,2021-10-15
1st innings,Chennai Super Kings,Kolkata Knight Riders,9.4,RV Uthappa,F du Plessis,Shakib Al Hasan,0,6,6,,,,,CSK vs KKR 2021-10-15,Nitin Menon,RK Illingworth,F du Plessis,Chennai Super Kings,Dubai,Dubai International Cricket Stadium,2021-10-15
1st innings,Chennai Super Kings,Kolkata Knight Riders,9.5,RV Uthappa,F du Plessis,Shakib Al Hasan,0,1,1,,,,,CSK vs KKR 2021-10-15,Nitin Menon,RK Illingworth,F du Plessis,Chennai Super Kings,Dubai,Dubai International Cricket Stadium,2021-10-15
1st innings,Chennai Super Kings,Kolkata Knight Riders,9.6,F du Plessis,RV Uthappa,Shakib Al Hasan,0,6,6,,,,,CSK vs KKR 2021-10-15,Nitin Menon,RK Illingworth,F du Plessis,Chennai Super Kings,Dubai,Dubai International Cricket Stadium,2021-10-15
1st innings,Chennai Super Kings,Kolkata Knight Riders,10.1,RV Uthappa,F du Plessis,LH Ferguson,0,0,0,,,,,CSK vs KKR 2021-10-15,Nitin Menon,RK Illingworth,F du Plessis,Chennai Super Kings,Dubai,Dubai International Cricket Stadium,2021-10-15
1st innings,Chennai Super Kings,Kolkata Knight Riders,10.2,RV Uthappa,F du Plessis,LH Ferguson,0,4,4,,,,,CSK vs KKR 2021-10-15,Nitin Menon,RK Illingworth,F du Plessis,Chennai Super Kings,Dubai,Dubai International Cricket Stadium,2021-10-15
1st innings,Chennai Super Kings,Kolkata Knight Riders,10.3,RV Uthappa,F du Plessis,LH Ferguson,0,4,4,,,,,CSK vs KKR 2021-10-15,Nitin Menon,RK Illingworth,F du Plessis,Chennai Super Kings,Dubai,Dubai International Cricket Stadium,2021-10-15
1st innings,Chennai Super Kings,Kolkata Knight Riders,10.4,RV Uthappa,F du Plessis,LH Ferguson,0,1,1,,,,,CSK vs KKR 2021-10-15,Nitin Menon,RK Illingworth,F du Plessis,Chennai Super Kings,Dubai,Dubai International Cricket Stadium,2021-10-15
1st innings,Chennai Super Kings,Kolkata Knight Riders,10.5,F du Plessis,RV Uthappa,LH Ferguson,0,1,1,,,,,CSK vs KKR 2021-10-15,Nitin Menon,RK Illingworth,F du Plessis,Chennai Super Kings,Dubai,Dubai International Cricket Stadium,2021-10-15
1st innings,Chennai Super Kings,Kolkata Knight Riders,10.6,RV Uthappa,F du Plessis,LH Ferguson,1,0,1,wides,,,,CSK vs KKR 2021-10-15,Nitin Menon,RK Illingworth,F du Plessis,Chennai Super Kings,Dubai,Dubai International Cricket Stadium,2021-10-15
1st innings,Chennai Super Kings,Kolkata Knight Riders,10.7,RV Uthappa,F du Plessis,LH Ferguson,0,6,6,,,,,CSK vs KKR 2021-10-15,Nitin Menon,RK Illingworth,F du Plessis,Chennai Super Kings,Dubai,Dubai International Cricket Stadium,2021-10-15
1st innings,Chennai Super Kings,Kolkata Knight Riders,11.1,F du Plessis,RV Uthappa,SP Narine,0,2,2,,,,,CSK vs KKR 2021-10-15,Nitin Menon,RK Illingworth,F du Plessis,Chennai Super Kings,Dubai,Dubai International Cricket Stadium,2021-10-15
1st innings,Chennai Super Kings,Kolkata Knight Riders,11.2,F du Plessis,RV Uthappa,SP Narine,0,0,0,,,,,CSK vs KKR 2021-10-15,Nitin Menon,RK Illingworth,F du Plessis,Chennai Super Kings,Dubai,Dubai International Cricket Stadium,2021-10-15
1st innings,Chennai Super Kings,Kolkata Knight Riders,11.3,F du Plessis,RV Uthappa,SP Narine,0,1,1,,,,,CSK vs KKR 2021-10-15,Nitin Menon,RK Illingworth,F du Plessis,Chennai Super Kings,Dubai,Dubai International Cricket Stadium,2021-10-15
1st innings,Chennai Super Kings,Kolkata Knight Riders,11.4,RV Uthappa,F du Plessis,SP Narine,0,1,1,,,,,CSK vs KKR 2021-10-15,Nitin Menon,RK Illingworth,F du Plessis,Chennai Super Kings,Dubai,Dubai International Cricket Stadium,2021-10-15
1st innings,Chennai Super Kings,Kolkata Knight Riders,11.5,F du Plessis,RV Uthappa,SP Narine,0,1,1,,,,,CSK vs KKR 2021-10-15,Nitin Menon,RK Illingworth,F du Plessis,Chennai Super Kings,Dubai,Dubai International Cricket Stadium,2021-10-15
1st innings,Chennai Super Kings,Kolkata Knight Riders,11.6,RV Uthappa,F du Plessis,SP Narine,0,2,2,,,,,CSK vs KKR 2021-10-15,Nitin Menon,RK Illingworth,F du Plessis,Chennai Super Kings,Dubai,Dubai International Cricket Stadium,2021-10-15
1st innings,Chennai Super Kings,Kolkata Knight Riders,12.1,F du Plessis,RV Uthappa,CV Varun,0,2,2,,,,,CSK vs KKR 2021-10-15,Nitin Menon,RK Illingworth,F du Plessis,Chennai Super Kings,Dubai,Dubai International Cricket Stadium,2021-10-15
1st innings,Chennai Super Kings,Kolkata Knight Riders,12.2,F du Plessis,RV Uthappa,CV Varun,0,6,6,,,,,CSK vs KKR 2021-10-15,Nitin Menon,RK Illingworth,F du Plessis,Chennai Super Kings,Dubai,Dubai International Cricket Stadium,2021-10-15
1st innings,Chennai Super Kings,Kolkata Knight Riders,12.3,F du Plessis,RV Uthappa,CV Varun,0,1,1,,,,,CSK vs KKR 2021-10-15,Nitin Menon,RK Illingworth,F du Plessis,Chennai Super Kings,Dubai,Dubai International Cricket Stadium,2021-10-15
1st innings,Chennai Super Kings,Kolkata Knight Riders,12.4,RV Uthappa,F du Plessis,CV Varun,0,0,0,,,,,CSK vs KKR 2021-10-15,Nitin Menon,RK Illingworth,F du Plessis,Chennai Super Kings,Dubai,Dubai International Cricket Stadium,2021-10-15
1st innings,Chennai Super Kings,Kolkata Knight Riders,12.5,RV Uthappa,F du Plessis,CV Varun,0,1,1,,,,,CSK vs KKR 2021-10-15,Nitin Menon,RK Illingworth,F du Plessis,Chennai Super Kings,Dubai,Dubai International Cricket Stadium,2021-10-15
1st innings,Chennai Super Kings,Kolkata Knight Riders,12.6,F du Plessis,RV Uthappa,CV Varun,0,2,2,,,,,CSK vs KKR 2021-10-15,Nitin Menon,RK Illingworth,F du Plessis,Chennai Super Kings,Dubai,Dubai International Cricket Stadium,2021-10-15
1st innings,Chennai Super Kings,Kolkata Knight Riders,13.1,RV Uthappa,F du Plessis,SP Narine,0,1,1,,,,,CSK vs KKR 2021-10-15,Nitin Menon,RK Illingworth,F du Plessis,Chennai Super Kings,Dubai,Dubai International Cricket Stadium,2021-10-15
1st innings,Chennai Super Kings,Kolkata Knight Riders,13.2,F du Plessis,RV Uthappa,SP Narine,1,0,1,wides,,,,CSK vs KKR 2021-10-15,Nitin Menon,RK Illingworth,F du Plessis,Chennai Super Kings,Dubai,Dubai International Cricket Stadium,2021-10-15
1st innings,Chennai Super Kings,Kolkata Knight Riders,13.3,F du Plessis,RV Uthappa,SP Narine,0,6,6,,,,,CSK vs KKR 2021-10-15,Nitin Menon,RK Illingworth,F du Plessis,Chennai Super Kings,Dubai,Dubai International Cricket Stadium,2021-10-15
1st innings,Chennai Super Kings,Kolkata Knight Riders,13.4,F du Plessis,RV Uthappa,SP Narine,0,0,0,,RV Uthappa,lbw,,CSK vs KKR 2021-10-15,Nitin Menon,RK Illingworth,F du Plessis,Chennai Super Kings,Dubai,Dubai International Cricket Stadium,2021-10-15
1st innings,Chennai Super Kings,Kolkata Knight Riders,13.5,F du Plessis,MM Ali,SP Narine,0,1,1,,,,,CSK vs KKR 2021-10-15,Nitin Menon,RK Illingworth,F du Plessis,Chennai Super Kings,Dubai,Dubai International Cricket Stadium,2021-10-15
1st innings,Chennai Super Kings,Kolkata Knight Riders,13.6,MM Ali,F du Plessis,SP Narine,0,0,0,,,,,CSK vs KKR 2021-10-15,Nitin Menon,RK Illingworth,F du Plessis,Chennai Super Kings,Dubai,Dubai International Cricket Stadium,2021-10-15
1st innings,Chennai Super Kings,Kolkata Knight Riders,13.7,MM Ali,F du Plessis,SP Narine,0,0,0,,,,,CSK vs KKR 2021-10-15,Nitin Menon,RK Illingworth,F du Plessis,Chennai Super Kings,Dubai,Dubai International Cricket Stadium,2021-10-15
1st innings,Chennai Super Kings,Kolkata Knight Riders,14.1,F du Plessis,MM Ali,VR Iyer,0,0,0,,,,,CSK vs KKR 2021-10-15,Nitin Menon,RK Illingworth,F du Plessis,Chennai Super Kings,Dubai,Dubai International Cricket Stadium,2021-10-15
1st innings,Chennai Super Kings,Kolkata Knight Riders,14.2,F du Plessis,MM Ali,VR Iyer,0,1,1,,,,,CSK vs KKR 2021-10-15,Nitin Menon,RK Illingworth,F du Plessis,Chennai Super Kings,Dubai,Dubai International Cricket Stadium,2021-10-15
1st innings,Chennai Super Kings,Kolkata Knight Riders,14.3,MM Ali,F du Plessis,VR Iyer,0,1,1,,,,,CSK vs KKR 2021-10-15,Nitin Menon,RK Illingworth,F du Plessis,Chennai Super Kings,Dubai,Dubai International Cricket Stadium,2021-10-15
1st innings,Chennai Super Kings,Kolkata Knight Riders,14.4,F du Plessis,MM Ali,VR Iyer,1,0,1,legbyes,,,,CSK vs KKR 2021-10-15,Nitin Menon,RK Illingworth,F du Plessis,Chennai Super Kings,Dubai,Dubai International Cricket Stadium,2021-10-15
1st innings,Chennai Super Kings,Kolkata Knight Riders,14.5,MM Ali,F du Plessis,VR Iyer,0,2,2,,,,,CSK vs KKR 2021-10-15,Nitin Menon,RK Illingworth,F du Plessis,Chennai Super Kings,Dubai,Dubai International Cricket Stadium,2021-10-15
1st innings,Chennai Super Kings,Kolkata Knight Riders,14.6,MM Ali,F du Plessis,VR Iyer,0,1,1,,,,,CSK vs KKR 2021-10-15,Nitin Menon,RK Illingworth,F du Plessis,Chennai Super Kings,Dubai,Dubai International Cricket Stadium,2021-10-15
1st innings,Chennai Super Kings,Kolkata Knight Riders,15.1,MM Ali,F du Plessis,LH Ferguson,0,4,4,,,,,CSK vs KKR 2021-10-15,Nitin Menon,RK Illingworth,F du Plessis,Chennai Super Kings,Dubai,Dubai International Cricket Stadium,2021-10-15
1st innings,Chennai Super Kings,Kolkata Knight Riders,15.2,MM Ali,F du Plessis,LH Ferguson,0,2,2,,,,,CSK vs KKR 2021-10-15,Nitin Menon,RK Illingworth,F du Plessis,Chennai Super Kings,Dubai,Dubai International Cricket Stadium,2021-10-15
1st innings,Chennai Super Kings,Kolkata Knight Riders,15.3,MM Ali,F du Plessis,LH Ferguson,0,0,0,,,,,CSK vs KKR 2021-10-15,Nitin Menon,RK Illingworth,F du Plessis,Chennai Super Kings,Dubai,Dubai International Cricket Stadium,2021-10-15
1st innings,Chennai Super Kings,Kolkata Knight Riders,15.4,MM Ali,F du Plessis,LH Ferguson,0,1,1,,,,,CSK vs KKR 2021-10-15,Nitin Menon,RK Illingworth,F du Plessis,Chennai Super Kings,Dubai,Dubai International Cricket Stadium,2021-10-15
1st innings,Chennai Super Kings,Kolkata Knight Riders,15.5,F du Plessis,MM Ali,LH Ferguson,0,0,0,,,,,CSK vs KKR 2021-10-15,Nitin Menon,RK Illingworth,F du Plessis,Chennai Super Kings,Dubai,Dubai International Cricket Stadium,2021-10-15
1st innings,Chennai Super Kings,Kolkata Knight Riders,15.6,F du Plessis,MM Ali,LH Ferguson,0,1,1,,,,,CSK vs KKR 2021-10-15,Nitin Menon,RK Illingworth,F du Plessis,Chennai Super Kings,Dubai,Dubai International Cricket Stadium,2021-10-15
1st innings,Chennai Super Kings,Kolkata Knight Riders,16.1,F du Plessis,MM Ali,Shivam Mavi,0,6,6,,,,,CSK vs KKR 2021-10-15,Nitin Menon,RK Illingworth,F du Plessis,Chennai Super Kings,Dubai,Dubai International Cricket Stadium,2021-10-15
1st innings,Chennai Super Kings,Kolkata Knight Riders,16.2,F du Plessis,MM Ali,Shivam Mavi,0,0,0,,,,,CSK vs KKR 2021-10-15,Nitin Menon,RK Illingworth,F du Plessis,Chennai Super Kings,Dubai,Dubai International Cricket Stadium,2021-10-15
1st innings,Chennai Super Kings,Kolkata Knight Riders,16.3,F du Plessis,MM Ali,Shivam Mavi,0,1,1,,,,,CSK vs KKR 2021-10-15,Nitin Menon,RK Illingworth,F du Plessis,Chennai Super Kings,Dubai,Dubai International Cricket Stadium,2021-10-15
1st innings,Chennai Super Kings,Kolkata Knight Riders,16.4,MM Ali,F du Plessis,Shivam Mavi,0,0,0,,,,,CSK vs KKR 2021-10-15,Nitin Menon,RK Illingworth,F du Plessis,Chennai Super Kings,Dubai,Dubai International Cricket Stadium,2021-10-15
1st innings,Chennai Super Kings,Kolkata Knight Riders,16.5,MM Ali,F du Plessis,Shivam Mavi,0,1,1,,,,,CSK vs KKR 2021-10-15,Nitin Menon,RK Illingworth,F du Plessis,Chennai Super Kings,Dubai,Dubai International Cricket Stadium,2021-10-15
1st innings,Chennai Super Kings,Kolkata Knight Riders,16.6,F du Plessis,MM Ali,Shivam Mavi,0,6,6,,,,,CSK vs KKR 2021-10-15,Nitin Menon,RK Illingworth,F du Plessis,Chennai Super Kings,Dubai,Dubai International Cricket Stadium,2021-10-15
1st innings,Chennai Super Kings,Kolkata Knight Riders,17.1,MM Ali,F du Plessis,LH Ferguson,0,1,1,,,,,CSK vs KKR 2021-10-15,Nitin Menon,RK Illingworth,F du Plessis,Chennai Super Kings,Dubai,Dubai International Cricket Stadium,2021-10-15
1st innings,Chennai Super Kings,Kolkata Knight Riders,17.2,F du Plessis,MM Ali,LH Ferguson,0,2,2,,,,,CSK vs KKR 2021-10-15,Nitin Menon,RK Illingworth,F du Plessis,Chennai Super Kings,Dubai,Dubai International Cricket Stadium,2021-10-15
1st innings,Chennai Super Kings,Kolkata Knight Riders,17.3,F du Plessis,MM Ali,LH Ferguson,0,4,4,,,,,CSK vs KKR 2021-10-15,Nitin Menon,RK Illingworth,F du Plessis,Chennai Super Kings,Dubai,Dubai International Cricket Stadium,2021-10-15
1st innings,Chennai Super Kings,Kolkata Knight Riders,17.4,F du Plessis,MM Ali,LH Ferguson,0,1,1,,,,,CSK vs KKR 2021-10-15,Nitin Menon,RK Illingworth,F du Plessis,Chennai Super Kings,Dubai,Dubai International Cricket Stadium,2021-10-15
1st innings,Chennai Super Kings,Kolkata Knight Riders,17.5,MM Ali,F du Plessis,LH Ferguson,1,0,1,wides,,,,CSK vs KKR 2021-10-15,Nitin Menon,RK Illingworth,F du Plessis,Chennai Super Kings,Dubai,Dubai International Cricket Stadium,2021-10-15
1st innings,Chennai Super Kings,Kolkata Knight Riders,17.6,MM Ali,F du Plessis,LH Ferguson,0,6,6,,,,,CSK vs KKR 2021-10-15,Nitin Menon,RK Illingworth,F du Plessis,Chennai Super Kings,Dubai,Dubai International Cricket Stadium,2021-10-15
1st innings,Chennai Super Kings,Kolkata Knight Riders,17.7,MM Ali,F du Plessis,LH Ferguson,0,4,4,,,,,CSK vs KKR 2021-10-15,Nitin Menon,RK Illingworth,F du Plessis,Chennai Super Kings,Dubai,Dubai International Cricket Stadium,2021-10-15
1st innings,Chennai Super Kings,Kolkata Knight Riders,18.1,F du Plessis,MM Ali,CV Varun,0,0,0,,,,,CSK vs KKR 2021-10-15,Nitin Menon,RK Illingworth,F du Plessis,Chennai Super Kings,Dubai,Dubai International Cricket Stadium,2021-10-15
1st innings,Chennai Super Kings,Kolkata Knight Riders,18.2,F du Plessis,MM Ali,CV Varun,0,4,4,,,,,CSK vs KKR 2021-10-15,Nitin Menon,RK Illingworth,F du Plessis,Chennai Super Kings,Dubai,Dubai International Cricket Stadium,2021-10-15
1st innings,Chennai Super Kings,Kolkata Knight Riders,18.3,F du Plessis,MM Ali,CV Varun,0,1,1,,,,,CSK vs KKR 2021-10-15,Nitin Menon,RK Illingworth,F du Plessis,Chennai Super Kings,Dubai,Dubai International Cricket Stadium,2021-10-15
1st innings,Chennai Super Kings,Kolkata Knight Riders,18.4,MM Ali,F du Plessis,CV Varun,0,1,1,,,,,CSK vs KKR 2021-10-15,Nitin Menon,RK Illingworth,F du Plessis,Chennai Super Kings,Dubai,Dubai International Cricket Stadium,2021-10-15
1st innings,Chennai Super Kings,Kolkata Knight Riders,18.5,F du Plessis,MM Ali,CV Varun,0,6,6,,,,,CSK vs KKR 2021-10-15,Nitin Menon,RK Illingworth,F du Plessis,Chennai Super Kings,Dubai,Dubai International Cricket Stadium,2021-10-15
1st innings,Chennai Super Kings,Kolkata Knight Riders,18.6,F du Plessis,MM Ali,CV Varun,0,1,1,,,,,CSK vs KKR 2021-10-15,Nitin Menon,RK Illingworth,F du Plessis,Chennai Super Kings,Dubai,Dubai International Cricket Stadium,2021-10-15
1st innings,Chennai Super Kings,Kolkata Knight Riders,19.1,F du Plessis,MM Ali,Shivam Mavi,0,1,1,,,,,CSK vs KKR 2021-10-15,Nitin Menon,RK Illingworth,F du Plessis,Chennai Super Kings,Dubai,Dubai International Cricket Stadium,2021-10-15
1st innings,Chennai Super Kings,Kolkata Knight Riders,19.2,MM Ali,F du Plessis,Shivam Mavi,0,2,2,,,,,CSK vs KKR 2021-10-15,Nitin Menon,RK Illingworth,F du Plessis,Chennai Super Kings,Dubai,Dubai International Cricket Stadium,2021-10-15
1st innings,Chennai Super Kings,Kolkata Knight Riders,19.3,MM Ali,F du Plessis,Shivam Mavi,0,1,1,,,,,CSK vs KKR 2021-10-15,Nitin Menon,RK Illingworth,F du Plessis,Chennai Super Kings,Dubai,Dubai International Cricket Stadium,2021-10-15
1st innings,Chennai Super Kings,Kolkata Knight Riders,19.4,F du Plessis,MM Ali,Shivam Mavi,0,1,1,,,,,CSK vs KKR 2021-10-15,Nitin Menon,RK Illingworth,F du Plessis,Chennai Super Kings,Dubai,Dubai International Cricket Stadium,2021-10-15
1st innings,Chennai Super Kings,Kolkata Knight Riders,19.5,MM Ali,F du Plessis,Shivam Mavi,0,2,2,,,,,CSK vs KKR 2021-10-15,Nitin Menon,RK Illingworth,F du Plessis,Chennai Super Kings,Dubai,Dubai International Cricket Stadium,2021-10-15
1st innings,Chennai Super Kings,Kolkata Knight Riders,19.6,MM Ali,F du Plessis,Shivam Mavi,0,0,0,,F du Plessis,caught,VR Iyer,CSK vs KKR 2021-10-15,Nitin Menon,RK Illingworth,F du Plessis,Chennai Super Kings,Dubai,Dubai International Cricket Stadium,2021-10-15
2nd innings,Kolkata Knight Riders,Chennai Super Kings,0.1,VR Iyer,Shubman Gill,DL Chahar,1,0,1,wides,,,,CSK vs KKR 2021-10-15,Nitin Menon,RK Illingworth,F du Plessis,Chennai Super Kings,Dubai,Dubai International Cricket Stadium,2021-10-15
2nd innings,Kolkata Knight Riders,Chennai Super Kings,0.2,VR Iyer,Shubman Gill,DL Chahar,0,4,4,,,,,CSK vs KKR 2021-10-15,Nitin Menon,RK Illingworth,F du Plessis,Chennai Super Kings,Dubai,Dubai International Cricket Stadium,2021-10-15
2nd innings,Kolkata Knight Riders,Chennai Super Kings,0.3,VR Iyer,Shubman Gill,DL Chahar,0,0,0,,,,,CSK vs KKR 2021-10-15,Nitin Menon,RK Illingworth,F du Plessis,Chennai Super Kings,Dubai,Dubai International Cricket Stadium,2021-10-15
2nd innings,Kolkata Knight Riders,Chennai Super Kings,0.4,VR Iyer,Shubman Gill,DL Chahar,0,0,0,,,,,CSK vs KKR 2021-10-15,Nitin Menon,RK Illingworth,F du Plessis,Chennai Super Kings,Dubai,Dubai International Cricket Stadium,2021-10-15
2nd innings,Kolkata Knight Riders,Chennai Super Kings,0.5,VR Iyer,Shubman Gill,DL Chahar,0,0,0,,,,,CSK vs KKR 2021-10-15,Nitin Menon,RK Illingworth,F du Plessis,Chennai Super Kings,Dubai,Dubai International Cricket Stadium,2021-10-15
2nd innings,Kolkata Knight Riders,Chennai Super Kings,0.6,VR Iyer,Shubman Gill,DL Chahar,0,0,0,,,,,CSK vs KKR 2021-10-15,Nitin Menon,RK Illingworth,F du Plessis,Chennai Super Kings,Dubai,Dubai International Cricket Stadium,2021-10-15
2nd innings,Kolkata Knight Riders,Chennai Super Kings,0.7,VR Iyer,Shubman Gill,DL Chahar,0,1,1,,,,,CSK vs KKR 2021-10-15,Nitin Menon,RK Illingworth,F du Plessis,Chennai Super Kings,Dubai,Dubai International Cricket Stadium,2021-10-15
2nd innings,Kolkata Knight Riders,Chennai Super Kings,1.1,VR Iyer,Shubman Gill,JR Hazlewood,0,1,1,,,,,CSK vs KKR 2021-10-15,Nitin Menon,RK Illingworth,F du Plessis,Chennai Super Kings,Dubai,Dubai International Cricket Stadium,2021-10-15
2nd innings,Kolkata Knight Riders,Chennai Super Kings,1.2,Shubman Gill,VR Iyer,JR Hazlewood,0,0,0,,,,,CSK vs KKR 2021-10-15,Nitin Menon,RK Illingworth,F du Plessis,Chennai Super Kings,Dubai,Dubai International Cricket Stadium,2021-10-15
2nd innings,Kolkata Knight Riders,Chennai Super Kings,1.3,Shubman Gill,VR Iyer,JR Hazlewood,0,0,0,,,,,CSK vs KKR 2021-10-15,Nitin Menon,RK Illingworth,F du Plessis,Chennai Super Kings,Dubai,Dubai International Cricket Stadium,2021-10-15
2nd innings,Kolkata Knight Riders,Chennai Super Kings,1.4,Shubman Gill,VR Iyer,JR Hazlewood,0,6,6,,,,,CSK vs KKR 2021-10-15,Nitin Menon,RK Illingworth,F du Plessis,Chennai Super Kings,Dubai,Dubai International Cricket Stadium,2021-10-15
2nd innings,Kolkata Knight Riders,Chennai Super Kings,1.5,Shubman Gill,VR Iyer,JR Hazlewood,0,1,1,,,,,CSK vs KKR 2021-10-15,Nitin Menon,RK Illingworth,F du Plessis,Chennai Super Kings,Dubai,Dubai International Cricket Stadium,2021-10-15
2nd innings,Kolkata Knight Riders,Chennai Super Kings,1.6,VR Iyer,Shubman Gill,JR Hazlewood,0,1,1,,,,,CSK vs KKR 2021-10-15,Nitin Menon,RK Illingworth,F du Plessis,Chennai Super Kings,Dubai,Dubai International Cricket Stadium,2021-10-15
2nd innings,Kolkata Knight Riders,Chennai Super Kings,2.1,VR Iyer,Shubman Gill,DL Chahar,0,1,1,,,,,CSK vs KKR 2021-10-15,Nitin Menon,RK Illingworth,F du Plessis,Chennai Super Kings,Dubai,Dubai International Cricket Stadium,2021-10-15
2nd innings,Kolkata Knight Riders,Chennai Super Kings,2.2,Shubman Gill,VR Iyer,DL Chahar,0,0,0,,,,,CSK vs KKR 2021-10-15,Nitin Menon,RK Illingworth,F du Plessis,Chennai Super Kings,Dubai,Dubai International Cricket Stadium,2021-10-15
2nd innings,Kolkata Knight Riders,Chennai Super Kings,2.3,Shubman Gill,VR Iyer,DL Chahar,0,4,4,,,,,CSK vs KKR 2021-10-15,Nitin Menon,RK Illingworth,F du Plessis,Chennai Super Kings,Dubai,Dubai International Cricket Stadium,2021-10-15
2nd innings,Kolkata Knight Riders,Chennai Super Kings,2.4,Shubman Gill,VR Iyer,DL Chahar,0,0,0,,,,,CSK vs KKR 2021-10-15,Nitin Menon,RK Illingworth,F du Plessis,Chennai Super Kings,Dubai,Dubai International Cricket Stadium,2021-10-15
2nd innings,Kolkata Knight Riders,Chennai Super Kings,2.5,Shubman Gill,VR Iyer,DL Chahar,0,4,4,,,,,CSK vs KKR 2021-10-15,Nitin Menon,RK Illingworth,F du Plessis,Chennai Super Kings,Dubai,Dubai International Cricket Stadium,2021-10-15
2nd innings,Kolkata Knight Riders,Chennai Super Kings,2.6,Shubman Gill,VR Iyer,DL Chahar,0,0,0,,,,,CSK vs KKR 2021-10-15,Nitin Menon,RK Illingworth,F du Plessis,Chennai Super Kings,Dubai,Dubai International Cricket Stadium,2021-10-15
2nd innings,Kolkata Knight Riders,Chennai Super Kings,3.1,VR Iyer,Shubman Gill,JR Hazlewood,1,0,1,wides,,,,CSK vs KKR 2021-10-15,Nitin Menon,RK Illingworth,F du Plessis,Chennai Super Kings,Dubai,Dubai International Cricket Stadium,2021-10-15
2nd innings,Kolkata Knight Riders,Chennai Super Kings,3.2,VR Iyer,Shubman Gill,JR Hazlewood,0,4,4,,,,,CSK vs KKR 2021-10-15,Nitin Menon,RK Illingworth,F du Plessis,Chennai Super Kings,Dubai,Dubai International Cricket Stadium,2021-10-15
2nd innings,Kolkata Knight Riders,Chennai Super Kings,3.3,VR Iyer,Shubman Gill,JR Hazlewood,0,1,1,,,,,CSK vs KKR 2021-10-15,Nitin Menon,RK Illingworth,F du Plessis,Chennai Super Kings,Dubai,Dubai International Cricket Stadium,2021-10-15
2nd innings,Kolkata Knight Riders,Chennai Super Kings,3.4,Shubman Gill,VR Iyer,JR Hazlewood,0,4,4,,,,,CSK vs KKR 2021-10-15,Nitin Menon,RK Illingworth,F du Plessis,Chennai Super Kings,Dubai,Dubai International Cricket Stadium,2021-10-15
2nd innings,Kolkata Knight Riders,Chennai Super Kings,3.5,Shubman Gill,VR Iyer,JR Hazlewood,0,0,0,,,,,CSK vs KKR 2021-10-15,Nitin Menon,RK Illingworth,F du Plessis,Chennai Super Kings,Dubai,Dubai International Cricket Stadium,2021-10-15
2nd innings,Kolkata Knight Riders,Chennai Super Kings,3.6,Shubman Gill,VR Iyer,JR Hazlewood,0,0,0,,,,,CSK vs KKR 2021-10-15,Nitin Menon,RK Illingworth,F du Plessis,Chennai Super Kings,Dubai,Dubai International Cricket Stadium,2021-10-15
2nd innings,Kolkata Knight Riders,Chennai Super Kings,3.7,Shubman Gill,VR Iyer,JR Hazlewood,0,2,2,,,,,CSK vs KKR 2021-10-15,Nitin Menon,RK Illingworth,F du Plessis,Chennai Super Kings,Dubai,Dubai International Cricket Stadium,2021-10-15
2nd innings,Kolkata Knight Riders,Chennai Super Kings,4.1,VR Iyer,Shubman Gill,SN Thakur,0,0,0,,,,,CSK vs KKR 2021-10-15,Nitin Menon,RK Illingworth,F du Plessis,Chennai Super Kings,Dubai,Dubai International Cricket Stadium,2021-10-15
2nd innings,Kolkata Knight Riders,Chennai Super Kings,4.2,VR Iyer,Shubman Gill,SN Thakur,0,2,2,,,,,CSK vs KKR 2021-10-15,Nitin Menon,RK Illingworth,F du Plessis,Chennai Super Kings,Dubai,Dubai International Cricket Stadium,2021-10-15
2nd innings,Kolkata Knight Riders,Chennai Super Kings,4.3,VR Iyer,Shubman Gill,SN Thakur,0,0,0,,,,,CSK vs KKR 2021-10-15,Nitin Menon,RK Illingworth,F du Plessis,Chennai Super Kings,Dubai,Dubai International Cricket Stadium,2021-10-15
2nd innings,Kolkata Knight Riders,Chennai Super Kings,4.4,VR Iyer,Shubman Gill,SN Thakur,0,1,1,,,,,CSK vs KKR 2021-10-15,Nitin Menon,RK Illingworth,F du Plessis,Chennai Super Kings,Dubai,Dubai International Cricket Stadium,2021-10-15
2nd innings,Kolkata Knight Riders,Chennai Super Kings,4.5,Shubman Gill,VR Iyer,SN Thakur,0,4,4,,,,,CSK vs KKR 2021-10-15,Nitin Menon,RK Illingworth,F du Plessis,Chennai Super Kings,Dubai,Dubai International Cricket Stadium,2021-10-15
2nd innings,Kolkata Knight Riders,Chennai Super Kings,4.6,Shubman Gill,VR Iyer,SN Thakur,0,4,4,,,,,CSK vs KKR 2021-10-15,Nitin Menon,RK Illingworth,F du Plessis,Chennai Super Kings,Dubai,Dubai International Cricket Stadium,2021-10-15
2nd innings,Kolkata Knight Riders,Chennai Super Kings,5.1,VR Iyer,Shubman Gill,DL Chahar,0,1,1,,,,,CSK vs KKR 2021-10-15,Nitin Menon,RK Illingworth,F du Plessis,Chennai Super Kings,Dubai,Dubai International Cricket Stadium,2021-10-15
2nd innings,Kolkata Knight Riders,Chennai Super Kings,5.2,Shubman Gill,VR Iyer,DL Chahar,0,0,0,,,,,CSK vs KKR 2021-10-15,Nitin Menon,RK Illingworth,F du Plessis,Chennai Super Kings,Dubai,Dubai International Cricket Stadium,2021-10-15
2nd innings,Kolkata Knight Riders,Chennai Super Kings,5.3,Shubman Gill,VR Iyer,DL Chahar,0,1,1,,,,,CSK vs KKR 2021-10-15,Nitin Menon,RK Illingworth,F du Plessis,Chennai Super Kings,Dubai,Dubai International Cricket Stadium,2021-10-15
2nd innings,Kolkata Knight Riders,Chennai Super Kings,5.4,VR Iyer,Shubman Gill,DL Chahar,0,4,4,,,,,CSK vs KKR 2021-10-15,Nitin Menon,RK Illingworth,F du Plessis,Chennai Super Kings,Dubai,Dubai International Cricket Stadium,2021-10-15
2nd innings,Kolkata Knight Riders,Chennai Super Kings,5.5,VR Iyer,Shubman Gill,DL Chahar,0,1,1,,,,,CSK vs KKR 2021-10-15,Nitin Menon,RK Illingworth,F du Plessis,Chennai Super Kings,Dubai,Dubai International Cricket Stadium,2021-10-15
2nd innings,Kolkata Knight Riders,Chennai Super Kings,5.6,Shubman Gill,VR Iyer,DL Chahar,0,1,1,,,,,CSK vs KKR 2021-10-15,Nitin Menon,RK Illingworth,F du Plessis,Chennai Super Kings,Dubai,Dubai International Cricket Stadium,2021-10-15
2nd innings,Kolkata Knight Riders,Chennai Super Kings,6.1,Shubman Gill,VR Iyer,DJ Bravo,0,1,1,,,,,CSK vs KKR 2021-10-15,Nitin Menon,RK Illingworth,F du Plessis,Chennai Super Kings,Dubai,Dubai International Cricket Stadium,2021-10-15
2nd innings,Kolkata Knight Riders,Chennai Super Kings,6.2,VR Iyer,Shubman Gill,DJ Bravo,0,0,0,,,,,CSK vs KKR 2021-10-15,Nitin Menon,RK Illingworth,F du Plessis,Chennai Super Kings,Dubai,Dubai International Cricket Stadium,2021-10-15
2nd innings,Kolkata Knight Riders,Chennai Super Kings,6.3,VR Iyer,Shubman Gill,DJ Bravo,0,1,1,,,,,CSK vs KKR 2021-10-15,Nitin Menon,RK Illingworth,F du Plessis,Chennai Super Kings,Dubai,Dubai International Cricket Stadium,2021-10-15
2nd innings,Kolkata Knight Riders,Chennai Super Kings,6.4,Shubman Gill,VR Iyer,DJ Bravo,0,2,2,,,,,CSK vs KKR 2021-10-15,Nitin Menon,RK Illingworth,F du Plessis,Chennai Super Kings,Dubai,Dubai International Cricket Stadium,2021-10-15
2nd innings,Kolkata Knight Riders,Chennai Super Kings,6.5,Shubman Gill,VR Iyer,DJ Bravo,0,0,0,,,,,CSK vs KKR 2021-10-15,Nitin Menon,RK Illingworth,F du Plessis,Chennai Super Kings,Dubai,Dubai International Cricket Stadium,2021-10-15
2nd innings,Kolkata Knight Riders,Chennai Super Kings,6.6,Shubman Gill,VR Iyer,DJ Bravo,0,0,0,,,,,CSK vs KKR 2021-10-15,Nitin Menon,RK Illingworth,F du Plessis,Chennai Super Kings,Dubai,Dubai International Cricket Stadium,2021-10-15
2nd innings,Kolkata Knight Riders,Chennai Super Kings,7.1,VR Iyer,Shubman Gill,RA Jadeja,0,0,0,,,,,CSK vs KKR 2021-10-15,Nitin Menon,RK Illingworth,F du Plessis,Chennai Super Kings,Dubai,Dubai International Cricket Stadium,2021-10-15
2nd innings,Kolkata Knight Riders,Chennai Super Kings,7.2,VR Iyer,Shubman Gill,RA Jadeja,0,1,1,,,,,CSK vs KKR 2021-10-15,Nitin Menon,RK Illingworth,F du Plessis,Chennai Super Kings,Dubai,Dubai International Cricket Stadium,2021-10-15
2nd innings,Kolkata Knight Riders,Chennai Super Kings,7.3,Shubman Gill,VR Iyer,RA Jadeja,0,0,0,,,,,CSK vs KKR 2021-10-15,Nitin Menon,RK Illingworth,F du Plessis,Chennai Super Kings,Dubai,Dubai International Cricket Stadium,2021-10-15
2nd innings,Kolkata Knight Riders,Chennai Super Kings,7.4,Shubman Gill,VR Iyer,RA Jadeja,0,1,1,,,,,CSK vs KKR 2021-10-15,Nitin Menon,RK Illingworth,F du Plessis,Chennai Super Kings,Dubai,Dubai International Cricket Stadium,2021-10-15
2nd innings,Kolkata Knight Riders,Chennai Super Kings,7.5,VR Iyer,Shubman Gill,RA Jadeja,0,1,1,,,,,CSK vs KKR 2021-10-15,Nitin Menon,RK Illingworth,F du Plessis,Chennai Super Kings,Dubai,Dubai International Cricket Stadium,2021-10-15
2nd innings,Kolkata Knight Riders,Chennai Super Kings,7.6,Shubman Gill,VR Iyer,RA Jadeja,0,6,6,,,,,CSK vs KKR 2021-10-15,Nitin Menon,RK Illingworth,F du Plessis,Chennai Super Kings,Dubai,Dubai International Cricket Stadium,2021-10-15
2nd innings,Kolkata Knight Riders,Chennai Super Kings,8.1,VR Iyer,Shubman Gill,DJ Bravo,0,1,1,,,,,CSK vs KKR 2021-10-15,Nitin Menon,RK Illingworth,F du Plessis,Chennai Super Kings,Dubai,Dubai International Cricket Stadium,2021-10-15
2nd innings,Kolkata Knight Riders,Chennai Super Kings,8.2,Shubman Gill,VR Iyer,DJ Bravo,0,1,1,,,,,CSK vs KKR 2021-10-15,Nitin Menon,RK Illingworth,F du Plessis,Chennai Super Kings,Dubai,Dubai International Cricket Stadium,2021-10-15
2nd innings,Kolkata Knight Riders,Chennai Super Kings,8.3,VR Iyer,Shubman Gill,DJ Bravo,0,1,1,,,,,CSK vs KKR 2021-10-15,Nitin Menon,RK Illingworth,F du Plessis,Chennai Super Kings,Dubai,Dubai International Cricket Stadium,2021-10-15
2nd innings,Kolkata Knight Riders,Chennai Super Kings,8.4,Shubman Gill,VR Iyer,DJ Bravo,0,0,0,,,,,CSK vs KKR 2021-10-15,Nitin Menon,RK Illingworth,F du Plessis,Chennai Super Kings,Dubai,Dubai International Cricket Stadium,2021-10-15
2nd innings,Kolkata Knight Riders,Chennai Super Kings,8.5,Shubman Gill,VR Iyer,DJ Bravo,0,0,0,,,,,CSK vs KKR 2021-10-15,Nitin Menon,RK Illingworth,F du Plessis,Chennai Super Kings,Dubai,Dubai International Cricket Stadium,2021-10-15
2nd innings,Kolkata Knight Riders,Chennai Super Kings,8.6,Shubman Gill,VR Iyer,DJ Bravo,0,1,1,,,,,CSK vs KKR 2021-10-15,Nitin Menon,RK Illingworth,F du Plessis,Chennai Super Kings,Dubai,Dubai International Cricket Stadium,2021-10-15
2nd innings,Kolkata Knight Riders,Chennai Super Kings,9.1,Shubman Gill,VR Iyer,RA Jadeja,0,6,6,,,,,CSK vs KKR 2021-10-15,Nitin Menon,RK Illingworth,F du Plessis,Chennai Super Kings,Dubai,Dubai International Cricket Stadium,2021-10-15
2nd innings,Kolkata Knight Riders,Chennai Super Kings,9.2,Shubman Gill,VR Iyer,RA Jadeja,0,1,1,,,,,CSK vs KKR 2021-10-15,Nitin Menon,RK Illingworth,F du Plessis,Chennai Super Kings,Dubai,Dubai International Cricket Stadium,2021-10-15
2nd innings,Kolkata Knight Riders,Chennai Super Kings,9.3,VR Iyer,Shubman Gill,RA Jadeja,0,0,0,,,,,CSK vs KKR 2021-10-15,Nitin Menon,RK Illingworth,F du Plessis,Chennai Super Kings,Dubai,Dubai International Cricket Stadium,2021-10-15
2nd innings,Kolkata Knight Riders,Chennai Super Kings,9.4,VR Iyer,Shubman Gill,RA Jadeja,0,4,4,,,,,CSK vs KKR 2021-10-15,Nitin Menon,RK Illingworth,F du Plessis,Chennai Super Kings,Dubai,Dubai International Cricket Stadium,2021-10-15
2nd innings,Kolkata Knight Riders,Chennai Super Kings,9.5,VR Iyer,Shubman Gill,RA Jadeja,0,4,4,,,,,CSK vs KKR 2021-10-15,Nitin Menon,RK Illingworth,F du Plessis,Chennai Super Kings,Dubai,Dubai International Cricket Stadium,2021-10-15
2nd innings,Kolkata Knight Riders,Chennai Super Kings,9.6,VR Iyer,Shubman Gill,RA Jadeja,0,1,1,,,,,CSK vs KKR 2021-10-15,Nitin Menon,RK Illingworth,F du Plessis,Chennai Super Kings,Dubai,Dubai International Cricket Stadium,2021-10-15
2nd innings,Kolkata Knight Riders,Chennai Super Kings,10.1,VR Iyer,Shubman Gill,SN Thakur,0,2,2,,,,,CSK vs KKR 2021-10-15,Nitin Menon,RK Illingworth,F du Plessis,Chennai Super Kings,Dubai,Dubai International Cricket Stadium,2021-10-15
2nd innings,Kolkata Knight Riders,Chennai Super Kings,10.2,VR Iyer,Shubman Gill,SN Thakur,0,0,0,,,,,CSK vs KKR 2021-10-15,Nitin Menon,RK Illingworth,F du Plessis,Chennai Super Kings,Dubai,Dubai International Cricket Stadium,2021-10-15
2nd innings,Kolkata Knight Riders,Chennai Super Kings,10.3,VR Iyer,Shubman Gill,SN Thakur,0,1,1,,,,,CSK vs KKR 2021-10-15,Nitin Menon,RK Illingworth,F du Plessis,Chennai Super Kings,Dubai,Dubai International Cricket Stadium,2021-10-15
2nd innings,Kolkata Knight Riders,Chennai Super Kings,10.4,Shubman Gill,VR Iyer,SN Thakur,0,0,0,,VR Iyer,caught,RA Jadeja,CSK vs KKR 2021-10-15,Nitin Menon,RK Illingworth,F du Plessis,Chennai Super Kings,Dubai,Dubai International Cricket Stadium,2021-10-15
2nd innings,Kolkata Knight Riders,Chennai Super Kings,10.5,N Rana,Shubman Gill,SN Thakur,1,0,1,wides,,,,CSK vs KKR 2021-10-15,Nitin Menon,RK Illingworth,F du Plessis,Chennai Super Kings,Dubai,Dubai International Cricket Stadium,2021-10-15
2nd innings,Kolkata Knight Riders,Chennai Super Kings,10.6,N Rana,Shubman Gill,SN Thakur,0,1,1,,,,,CSK vs KKR 2021-10-15,Nitin Menon,RK Illingworth,F du Plessis,Chennai Super Kings,Dubai,Dubai International Cricket Stadium,2021-10-15
2nd innings,Kolkata Knight Riders,Chennai Super Kings,10.7,Shubman Gill,N Rana,SN Thakur,0,0,0,,N Rana,caught,F du Plessis,CSK vs KKR 2021-10-15,Nitin Menon,RK Illingworth,F du Plessis,Chennai Super Kings,Dubai,Dubai International Cricket Stadium,2021-10-15
2nd innings,Kolkata Knight Riders,Chennai Super Kings,11.1,SP Narine,Shubman Gill,JR Hazlewood,0,1,1,,,,,CSK vs KKR 2021-10-15,Nitin Menon,RK Illingworth,F du Plessis,Chennai Super Kings,Dubai,Dubai International Cricket Stadium,2021-10-15
2nd innings,Kolkata Knight Riders,Chennai Super Kings,11.2,Shubman Gill,SP Narine,JR Hazlewood,0,2,2,,,,,CSK vs KKR 2021-10-15,Nitin Menon,RK Illingworth,F du Plessis,Chennai Super Kings,Dubai,Dubai International Cricket Stadium,2021-10-15
2nd innings,Kolkata Knight Riders,Chennai Super Kings,11.3,Shubman Gill,SP Narine,JR Hazlewood,1,0,1,wides,,,,CSK vs KKR 2021-10-15,Nitin Menon,RK Illingworth,F du Plessis,Chennai Super Kings,Dubai,Dubai International Cricket Stadium,2021-10-15
2nd innings,Kolkata Knight Riders,Chennai Super Kings,11.4,Shubman Gill,SP Narine,JR Hazlewood,0,0,0,,SP Narine,caught,RA Jadeja,CSK vs KKR 2021-10-15,Nitin Menon,RK Illingworth,F du Plessis,Chennai Super Kings,Dubai,Dubai International Cricket Stadium,2021-10-15
2nd innings,Kolkata Knight Riders,Chennai Super Kings,11.5,Shubman Gill,EJG Morgan,JR Hazlewood,0,1,1,,,,,CSK vs KKR 2021-10-15,Nitin Menon,RK Illingworth,F du Plessis,Chennai Super Kings,Dubai,Dubai International Cricket Stadium,2021-10-15
2nd innings,Kolkata Knight Riders,Chennai Super Kings,11.6,EJG Morgan,Shubman Gill,JR Hazlewood,0,1,1,,,,,CSK vs KKR 2021-10-15,Nitin Menon,RK Illingworth,F du Plessis,Chennai Super Kings,Dubai,Dubai International Cricket Stadium,2021-10-15
2nd innings,Kolkata Knight Riders,Chennai Super Kings,11.7,Shubman Gill,EJG Morgan,JR Hazlewood,0,0,0,,,,,CSK vs KKR 2021-10-15,Nitin Menon,RK Illingworth,F du Plessis,Chennai Super Kings,Dubai,Dubai International Cricket Stadium,2021-10-15
2nd innings,Kolkata Knight Riders,Chennai Super Kings,12.1,EJG Morgan,Shubman Gill,RA Jadeja,0,0,0,,,,,CSK vs KKR 2021-10-15,Nitin Menon,RK Illingworth,F du Plessis,Chennai Super Kings,Dubai,Dubai International Cricket Stadium,2021-10-15
2nd innings,Kolkata Knight Riders,Chennai Super Kings,12.2,EJG Morgan,Shubman Gill,RA Jadeja,0,2,2,,,,,CSK vs KKR 2021-10-15,Nitin Menon,RK Illingworth,F du Plessis,Chennai Super Kings,Dubai,Dubai International Cricket Stadium,2021-10-15
2nd innings,Kolkata Knight Riders,Chennai Super Kings,12.3,EJG Morgan,Shubman Gill,RA Jadeja,0,2,2,,,,,CSK vs KKR 2021-10-15,Nitin Menon,RK Illingworth,F du Plessis,Chennai Super Kings,Dubai,Dubai International Cricket Stadium,2021-10-15
2nd innings,Kolkata Knight Riders,Chennai Super Kings,12.4,EJG Morgan,Shubman Gill,RA Jadeja,0,0,0,,,,,CSK vs KKR 2021-10-15,Nitin Menon,RK Illingworth,F du Plessis,Chennai Super Kings,Dubai,Dubai International Cricket Stadium,2021-10-15
2nd innings,Kolkata Knight Riders,Chennai Super Kings,12.5,EJG Morgan,Shubman Gill,RA Jadeja,0,4,4,,,,,CSK vs KKR 2021-10-15,Nitin Menon,RK Illingworth,F du Plessis,Chennai Super Kings,Dubai,Dubai International Cricket Stadium,2021-10-15
2nd innings,Kolkata Knight Riders,Chennai Super Kings,12.6,EJG Morgan,Shubman Gill,RA Jadeja,0,1,1,,,,,CSK vs KKR 2021-10-15,Nitin Menon,RK Illingworth,F du Plessis,Chennai Super Kings,Dubai,Dubai International Cricket Stadium,2021-10-15
2nd innings,Kolkata Knight Riders,Chennai Super Kings,13.1,EJG Morgan,Shubman Gill,DL Chahar,0,0,0,,,,,CSK vs KKR 2021-10-15,Nitin Menon,RK Illingworth,F du Plessis,Chennai Super Kings,Dubai,Dubai International Cricket Stadium,2021-10-15
2nd innings,Kolkata Knight Riders,Chennai Super Kings,13.2,EJG Morgan,Shubman Gill,DL Chahar,0,0,0,,Shubman Gill,lbw,,CSK vs KKR 2021-10-15,Nitin Menon,RK Illingworth,F du Plessis,Chennai Super Kings,Dubai,Dubai International Cricket Stadium,2021-10-15
2nd innings,Kolkata Knight Riders,Chennai Super Kings,13.3,EJG Morgan,KD Karthik,DL Chahar,0,6,6,,,,,CSK vs KKR 2021-10-15,Nitin Menon,RK Illingworth,F du Plessis,Chennai Super Kings,Dubai,Dubai International Cricket Stadium,2021-10-15
2nd innings,Kolkata Knight Riders,Chennai Super Kings,13.4,EJG Morgan,KD Karthik,DL Chahar,0,1,1,,,,,CSK vs KKR 2021-10-15,Nitin Menon,RK Illingworth,F du Plessis,Chennai Super Kings,Dubai,Dubai International Cricket Stadium,2021-10-15
2nd innings,Kolkata Knight Riders,Chennai Super Kings,13.5,KD Karthik,EJG Morgan,DL Chahar,0,1,1,,,,,CSK vs KKR 2021-10-15,Nitin Menon,RK Illingworth,F du Plessis,Chennai Super Kings,Dubai,Dubai International Cricket Stadium,2021-10-15
2nd innings,Kolkata Knight Riders,Chennai Super Kings,13.6,EJG Morgan,KD Karthik,DL Chahar,0,1,1,,,,,CSK vs KKR 2021-10-15,Nitin Menon,RK Illingworth,F du Plessis,Chennai Super Kings,Dubai,Dubai International Cricket Stadium,2021-10-15
2nd innings,Kolkata Knight Riders,Chennai Super Kings,14.1,EJG Morgan,KD Karthik,RA Jadeja,0,0,0,,,,,CSK vs KKR 2021-10-15,Nitin Menon,RK Illingworth,F du Plessis,Chennai Super Kings,Dubai,Dubai International Cricket Stadium,2021-10-15
2nd innings,Kolkata Knight Riders,Chennai Super Kings,14.2,EJG Morgan,KD Karthik,RA Jadeja,0,0,0,,,,,CSK vs KKR 2021-10-15,Nitin Menon,RK Illingworth,F du Plessis,Chennai Super Kings,Dubai,Dubai International Cricket Stadium,2021-10-15
2nd innings,Kolkata Knight Riders,Chennai Super Kings,14.3,EJG Morgan,KD Karthik,RA Jadeja,0,1,1,,,,,CSK vs KKR 2021-10-15,Nitin Menon,RK Illingworth,F du Plessis,Chennai Super Kings,Dubai,Dubai International Cricket Stadium,2021-10-15
2nd innings,Kolkata Knight Riders,Chennai Super Kings,14.4,KD Karthik,EJG Morgan,RA Jadeja,0,1,1,,,,,CSK vs KKR 2021-10-15,Nitin Menon,RK Illingworth,F du Plessis,Chennai Super Kings,Dubai,Dubai International Cricket Stadium,2021-10-15
2nd innings,Kolkata Knight Riders,Chennai Super Kings,14.5,EJG Morgan,KD Karthik,RA Jadeja,0,0,0,,KD Karthik,caught,AT Rayudu,CSK vs KKR 2021-10-15,Nitin Menon,RK Illingworth,F du Plessis,Chennai Super Kings,Dubai,Dubai International Cricket Stadium,2021-10-15
2nd innings,Kolkata Knight Riders,Chennai Super Kings,14.6,EJG Morgan,Shakib Al Hasan,RA Jadeja,1,0,1,wides,,,,CSK vs KKR 2021-10-15,Nitin Menon,RK Illingworth,F du Plessis,Chennai Super Kings,Dubai,Dubai International Cricket Stadium,2021-10-15
2nd innings,Kolkata Knight Riders,Chennai Super Kings,14.7,EJG Morgan,Shakib Al Hasan,RA Jadeja,0,0,0,,Shakib Al Hasan,lbw,,CSK vs KKR 2021-10-15,Nitin Menon,RK Illingworth,F du Plessis,Chennai Super Kings,Dubai,Dubai International Cricket Stadium,2021-10-15
2nd innings,Kolkata Knight Riders,Chennai Super Kings,15.1,RA Tripathi,EJG Morgan,SN Thakur,0,1,1,,,,,CSK vs KKR 2021-10-15,Nitin Menon,RK Illingworth,F du Plessis,Chennai Super Kings,Dubai,Dubai International Cricket Stadium,2021-10-15
2nd innings,Kolkata Knight Riders,Chennai Super Kings,15.2,EJG Morgan,RA Tripathi,SN Thakur,0,0,0,,,,,CSK vs KKR 2021-10-15,Nitin Menon,RK Illingworth,F du Plessis,Chennai Super Kings,Dubai,Dubai International Cricket Stadium,2021-10-15
2nd innings,Kolkata Knight Riders,Chennai Super Kings,15.3,EJG Morgan,RA Tripathi,SN Thakur,0,2,2,,,,,CSK vs KKR 2021-10-15,Nitin Menon,RK Illingworth,F du Plessis,Chennai Super Kings,Dubai,Dubai International Cricket Stadium,2021-10-15
2nd innings,Kolkata Knight Riders,Chennai Super Kings,15.4,EJG Morgan,RA Tripathi,SN Thakur,0,0,0,,RA Tripathi,caught,MM Ali,CSK vs KKR 2021-10-15,Nitin Menon,RK Illingworth,F du Plessis,Chennai Super Kings,Dubai,Dubai International Cricket Stadium,2021-10-15
2nd innings,Kolkata Knight Riders,Chennai Super Kings,15.5,EJG Morgan,LH Ferguson,SN Thakur,0,0,0,,,,,CSK vs KKR 2021-10-15,Nitin Menon,RK Illingworth,F du Plessis,Chennai Super Kings,Dubai,Dubai International Cricket Stadium,2021-10-15
2nd innings,Kolkata Knight Riders,Chennai Super Kings,15.6,EJG Morgan,LH Ferguson,SN Thakur,0,2,2,,,,,CSK vs KKR 2021-10-15,Nitin Menon,RK Illingworth,F du Plessis,Chennai Super Kings,Dubai,Dubai International Cricket Stadium,2021-10-15
2nd innings,Kolkata Knight Riders,Chennai Super Kings,16.1,LH Ferguson,EJG Morgan,JR Hazlewood,0,0,0,,,,,CSK vs KKR 2021-10-15,Nitin Menon,RK Illingworth,F du Plessis,Chennai Super Kings,Dubai,Dubai International Cricket Stadium,2021-10-15
2nd innings,Kolkata Knight Riders,Chennai Super Kings,16.2,LH Ferguson,EJG Morgan,JR Hazlewood,0,0,0,,,,,CSK vs KKR 2021-10-15,Nitin Menon,RK Illingworth,F du Plessis,Chennai Super Kings,Dubai,Dubai International Cricket Stadium,2021-10-15
2nd innings,Kolkata Knight Riders,Chennai Super Kings,16.3,LH Ferguson,EJG Morgan,JR Hazlewood,0,0,0,,EJG Morgan,caught,DL Chahar,CSK vs KKR 2021-10-15,Nitin Menon,RK Illingworth,F du Plessis,Chennai Super Kings,Dubai,Dubai International Cricket Stadium,2021-10-15
2nd innings,Kolkata Knight Riders,Chennai Super Kings,16.4,LH Ferguson,Shivam Mavi,JR Hazlewood,0,1,1,,,,,CSK vs KKR 2021-10-15,Nitin Menon,RK Illingworth,F du Plessis,Chennai Super Kings,Dubai,Dubai International Cricket Stadium,2021-10-15
2nd innings,Kolkata Knight Riders,Chennai Super Kings,16.5,Shivam Mavi,LH Ferguson,JR Hazlewood,0,1,1,,,,,CSK vs KKR 2021-10-15,Nitin Menon,RK Illingworth,F du Plessis,Chennai Super Kings,Dubai,Dubai International Cricket Stadium,2021-10-15
2nd innings,Kolkata Knight Riders,Chennai Super Kings,16.6,LH Ferguson,Shivam Mavi,JR Hazlewood,0,0,0,,,,,CSK vs KKR 2021-10-15,Nitin Menon,RK Illingworth,F du Plessis,Chennai Super Kings,Dubai,Dubai International Cricket Stadium,2021-10-15
2nd innings,Kolkata Knight Riders,Chennai Super Kings,17.1,Shivam Mavi,LH Ferguson,DJ Bravo,0,1,1,,,,,CSK vs KKR 2021-10-15,Nitin Menon,RK Illingworth,F du Plessis,Chennai Super Kings,Dubai,Dubai International Cricket Stadium,2021-10-15
2nd innings,Kolkata Knight Riders,Chennai Super Kings,17.2,LH Ferguson,Shivam Mavi,DJ Bravo,0,0,0,,,,,CSK vs KKR 2021-10-15,Nitin Menon,RK Illingworth,F du Plessis,Chennai Super Kings,Dubai,Dubai International Cricket Stadium,2021-10-15
2nd innings,Kolkata Knight Riders,Chennai Super Kings,17.3,LH Ferguson,Shivam Mavi,DJ Bravo,0,4,4,,,,,CSK vs KKR 2021-10-15,Nitin Menon,RK Illingworth,F du Plessis,Chennai Super Kings,Dubai,Dubai International Cricket Stadium,2021-10-15
2nd innings,Kolkata Knight Riders,Chennai Super Kings,17.4,LH Ferguson,Shivam Mavi,DJ Bravo,0,6,6,,,,,CSK vs KKR 2021-10-15,Nitin Menon,RK Illingworth,F du Plessis,Chennai Super Kings,Dubai,Dubai International Cricket Stadium,2021-10-15
2nd innings,Kolkata Knight Riders,Chennai Super Kings,17.5,LH Ferguson,Shivam Mavi,DJ Bravo,0,6,6,,,,,CSK vs KKR 2021-10-15,Nitin Menon,RK Illingworth,F du Plessis,Chennai Super Kings,Dubai,Dubai International Cricket Stadium,2021-10-15
2nd innings,Kolkata Knight Riders,Chennai Super Kings,17.6,LH Ferguson,Shivam Mavi,DJ Bravo,0,1,1,,,,,CSK vs KKR 2021-10-15,Nitin Menon,RK Illingworth,F du Plessis,Chennai Super Kings,Dubai,Dubai International Cricket Stadium,2021-10-15
2nd innings,Kolkata Knight Riders,Chennai Super Kings,18.1,LH Ferguson,Shivam Mavi,SN Thakur,0,0,0,,,,,CSK vs KKR 2021-10-15,Nitin Menon,RK Illingworth,F du Plessis,Chennai Super Kings,Dubai,Dubai International Cricket Stadium,2021-10-15
2nd innings,Kolkata Knight Riders,Chennai Super Kings,18.2,LH Ferguson,Shivam Mavi,SN Thakur,1,0,1,wides,,,,CSK vs KKR 2021-10-15,Nitin Menon,RK Illingworth,F du Plessis,Chennai Super Kings,Dubai,Dubai International Cricket Stadium,2021-10-15
2nd innings,Kolkata Knight Riders,Chennai Super Kings,18.3,LH Ferguson,Shivam Mavi,SN Thakur,0,1,1,,,,,CSK vs KKR 2021-10-15,Nitin Menon,RK Illingworth,F du Plessis,Chennai Super Kings,Dubai,Dubai International Cricket Stadium,2021-10-15
2nd innings,Kolkata Knight Riders,Chennai Super Kings,18.4,Shivam Mavi,LH Ferguson,SN Thakur,0,0,0,,,,,CSK vs KKR 2021-10-15,Nitin Menon,RK Illingworth,F du Plessis,Chennai Super Kings,Dubai,Dubai International Cricket Stadium,2021-10-15
2nd innings,Kolkata Knight Riders,Chennai Super Kings,18.5,Shivam Mavi,LH Ferguson,SN Thakur,1,4,5,noballs,,,,CSK vs KKR 2021-10-15,Nitin Menon,RK Illingworth,F du Plessis,Chennai Super Kings,Dubai,Dubai International Cricket Stadium,2021-10-15
2nd innings,Kolkata Knight Riders,Chennai Super Kings,18.6,Shivam Mavi,LH Ferguson,SN Thakur,1,0,1,wides,,,,CSK vs KKR 2021-10-15,Nitin Menon,RK Illingworth,F du Plessis,Chennai Super Kings,Dubai,Dubai International Cricket Stadium,2021-10-15
2nd innings,Kolkata Knight Riders,Chennai Super Kings,18.7,Shivam Mavi,LH Ferguson,SN Thakur,1,0,1,wides,,,,CSK vs KKR 2021-10-15,Nitin Menon,RK Illingworth,F du Plessis,Chennai Super Kings,Dubai,Dubai International Cricket Stadium,2021-10-15
2nd innings,Kolkata Knight Riders,Chennai Super Kings,18.8,Shivam Mavi,LH Ferguson,SN Thakur,0,2,2,,,,,CSK vs KKR 2021-10-15,Nitin Menon,RK Illingworth,F du Plessis,Chennai Super Kings,Dubai,Dubai International Cricket Stadium,2021-10-15
2nd innings,Kolkata Knight Riders,Chennai Super Kings,18.9,Shivam Mavi,LH Ferguson,SN Thakur,0,6,6,,,,,CSK vs KKR 2021-10-15,Nitin Menon,RK Illingworth,F du Plessis,Chennai Super Kings,Dubai,Dubai International Cricket Stadium,2021-10-15
2nd innings,Kolkata Knight Riders,Chennai Super Kings,18.1,Shivam Mavi,LH Ferguson,SN Thakur,0,0,0,,,,,CSK vs KKR 2021-10-15,Nitin Menon,RK Illingworth,F du Plessis,Chennai Super Kings,Dubai,Dubai International Cricket Stadium,2021-10-15
2nd innings,Kolkata Knight Riders,Chennai Super Kings,19.1,LH Ferguson,Shivam Mavi,DJ Bravo,0,0,0,,,,,CSK vs KKR 2021-10-15,Nitin Menon,RK Illingworth,F du Plessis,Chennai Super Kings,Dubai,Dubai International Cricket Stadium,2021-10-15
2nd innings,Kolkata Knight Riders,Chennai Super Kings,19.2,LH Ferguson,Shivam Mavi,DJ Bravo,0,1,1,,,,,CSK vs KKR 2021-10-15,Nitin Menon,RK Illingworth,F du Plessis,Chennai Super Kings,Dubai,Dubai International Cricket Stadium,2021-10-15
2nd innings,Kolkata Knight Riders,Chennai Super Kings,19.3,Shivam Mavi,LH Ferguson,DJ Bravo,0,1,1,,,,,CSK vs KKR 2021-10-15,Nitin Menon,RK Illingworth,F du Plessis,Chennai Super Kings,Dubai,Dubai International Cricket Stadium,2021-10-15
2nd innings,Kolkata Knight Riders,Chennai Super Kings,19.4,LH Ferguson,Shivam Mavi,DJ Bravo,0,0,0,,,,,CSK vs KKR 2021-10-15,Nitin Menon,RK Illingworth,F du Plessis,Chennai Super Kings,Dubai,Dubai International Cricket Stadium,2021-10-15
2nd innings,Kolkata Knight Riders,Chennai Super Kings,19.5,LH Ferguson,Shivam Mavi,DJ Bravo,0,0,0,,Shivam Mavi,caught,DL Chahar,CSK vs KKR 2021-10-15,Nitin Menon,RK Illingworth,F du Plessis,Chennai Super Kings,Dubai,Dubai International Cricket Stadium,2021-10-15
2nd innings,Kolkata Knight Riders,Chennai Super Kings,19.6,CV Varun,LH Ferguson,DJ Bravo,0,1,1,,,,,CSK vs KKR 2021-10-15,Nitin Menon,RK Illingworth,F du Plessis,Chennai Super Kings,Dubai,Dubai International Cricket Stadium,2021-10-15
